first,second
o,3
L1_W,Float32[0.2138113 2.5557742 0.37106636; -1.085473 -0.008736255 -1.6354985]
L1_b,"Float32[-1.0994124, 0.69192445]"
L2_W,Float32[-0.078185916 -1.9371732; 2.7463272 0.65872186; -0.0015145639 -3.0608528]
c,CircularNode
L2_b,"Float32[0.115673676, 0.3394591, 0.35660988]"
