first,second
o,5
L1_W,Float32[-0.69333375 -0.6222568 -0.10562476 0.26914117 -0.35619718; -0.46734267 -0.31248683 -0.1770626 -0.5168566 0.17928046]
L1_b,"Float32[0.19210568, 1.7865666]"
L2_W,Float32[-2.519941 -3.4137607; -2.3847296 -1.5058025; -1.3653349 -1.990194; 2.8487833 -5.511738; -0.7091513 -0.51832086]
c,CircularNode
L2_b,"Float32[2.3636663, 0.5200641, 0.9393169, 2.1917107, 1.0453278]"
