first,second
o,5
L1_W,Float32[-0.15116897 -0.21364309 -0.16809101 0.018775776 -0.31952542; -0.2738715 -0.07194333 -0.057323374 -0.10314782 0.123807296]
L1_b,"Float32[0.109837055, -0.19120657]"
L2_W,Float32[-0.6361301 -2.7760909; -1.1862007 -0.4547626; -1.0377718 -0.31704816; 0.38185692 -1.0926573; -2.1078053 1.6739529]
c,CircularNode
L2_b,"Float32[-0.4642626, -0.15533394, 0.3657289, -0.0890435, 0.43163064]"
