first,second
o,4
L1_W,Float32[-0.2148405 -0.41562137 0.5009746 0.47966528; -0.066739544 0.58633375 0.07804127 0.67389894]
L1_b,"Float32[1.0770911, -0.48247716]"
L2_W,Float32[-1.341647 0.0005839881; -3.7205977 3.5312617; 2.9419134 0.46521658; 2.9843075 2.3167434]
c,CircularNode
L2_b,"Float32[-0.6775888, 1.6933396, -1.3575791, -0.8390618]"
