first,second
o,2
L1_W,Float32[2.3658583 -0.49090114; 0.030394027 -0.58542675]
L1_b,"Float32[0.38422292, 0.50749844]"
L2_W,Float32[1.8379349 -0.8762418; -0.2074244 -5.4993377]
c,CircularNode
L2_b,"Float32[0.21486771, 1.1855563]"
