first,second
o,3
L1_W,Float32[-0.8159661 0.03589085 -0.43777028; -0.5927696 -0.40185815 -0.56633794]
L1_b,"Float32[-0.40917197, -0.12404691]"
L2_W,Float32[-2.9701471 0.3024484; 2.8186107 -3.6369753; 0.70288426 -1.3022555]
c,CircularNode
L2_b,"Float32[-0.6798926, 0.20526913, 0.63170356]"
