first,second
o,2
L1_W,Float32[-0.16049357 0.52836657; 1.2961535 0.15037872]
L1_b,"Float32[-0.6066222, 1.1366445]"
L2_W,Float32[-0.23586239 2.2025301; 4.670764 0.08192683]
c,CircularNode
L2_b,"Float32[-0.35714683, 1.0309184]"
