first,second
o,5
L1_W,Float32[0.053026255 -0.18029262 -0.39701042 0.28248647 -0.320545; 0.12587711 0.57409894 0.36390796 0.2361996 -0.21324168]
L1_b,"Float32[0.7146176, 1.0152705]"
L2_W,Float32[0.3226125 0.5398679; -0.21911813 2.7976944; -2.6868012 0.715327; 2.1792266 1.1692305; -2.285184 -0.93559444]
c,CircularNode
L2_b,"Float32[-0.22128706, -0.8971291, 0.13106924, -1.4311725, 0.96720165]"
